OBJECTID,District,Rank,County,Fwy,Name,Type,Shift,Direction,CA_PM,Beg_PM,Beg_Cty,Abs_PM,Abs_PM_upstream,Number_Days_Active,Avg_Extent__Miles_,Total_Delay__veh_hrs_,Route,longitude,latitude,Route_num,shn_District,shn_RouteType,shn_AlignCode,shn_Direction,shn_bPM,shn_ePM,_match_dist_m,_pm_in_range,district_mismatch,low_confidence_match
88,10,1,SJ,I205-W,W-O Mtn House Pkwy OC,ML,AM,W,0.76,R3.63,SJ,1.69,4.56,54,2.87,106665.5,205,-121.51673412695943,37.74186109988133,205,10,Interstate,Left,WB,0.0,2.979,0.0,True,False,False
71,10,2,SJ,SR99-S,N-O Off to Jack Tone Rd,ML,PM,S,2.888,5.558,SJ,238.76,241.43,54,2.67,37980.9,99,-121.16978990972932,37.76850546700391,99,10,State,Left,SB,0.0,38.783,0.0,True,False,False
72,10,3,SJ,SR99-S,N-O On From Main St,ML,PM,S,0.688,3.078,SJ,236.56,238.95,58,2.39,35734.5,99,-121.13584280328284,37.74820304129915,99,10,State,Left,SB,0.0,38.783,0.0,True,False,False
73,10,4,STA,SR99-S,Kansas Ave,ML,PM,S,R16.708,R19.018,STA,227.83,230.14,50,2.3,22877.3,99,-121.02638550993905,37.65791866970521,99,10,State,Left,SB,9.735,18.24,0.0,True,False,False
74,10,5,SJ,I5-S,S-O Charter Way,ML,PM,S,25.415,27.015,SJ,470.73,472.33,49,1.6,22642.2,5,-121.30299404255742,37.94759243346811,5,10,Interstate,Left,SB,24.064,49.819,0.0,True,False,False
75,10,6,STA,SR99-S,N-O K St S-O L St,ML,PM,S,R15.988,R17.398,STA,227.11,228.52,59,1.42,21301.4,99,-121.01460490595633,37.644805335127984,99,10,State,Left,SB,9.735,18.24,0.0,True,False,False
11,10,7,SJ,I205-E,E-O Tom Paine Slough,ML,PM,E,R11.94,R10.14,SJ,12.87,11.07,52,1.8,17020.4,205,-121.3618494766804,37.76491518972998,205,10,Interstate,Right,EB,2.979,13.398,0.0,True,False,False
33,10,8,SJ,I5-N,French Camp Turnpike,ML,PM,N,R23.421,R21.381,SJ,468.7,466.66,55,2.04,13331.9,5,-121.2830410927315,37.89535515738979,5,10,Interstate,Right,NB,11.2,24.064,0.0,True,False,False
89,10,9,SJ,I205-W,El Rancho Rd UC,ML,PM,W,R10.48,R12.18,SJ,11.41,13.11,49,1.7,11161.2,205,-121.35669179981096,37.765373894569755,205,10,Interstate,Left,WB,2.979,13.398,0.0,True,False,False
90,10,10,SJ,I205-W,E-O Tom Paine Slough,ML,PM,W,R12.2,R13.398,SJ,13.13,14.43,53,1.3,10425.9,205,-121.33495189333432,37.767368984479226,205,10,Interstate,Left,WB,2.979,13.398,0.0,True,False,False
34,11,1,SD,I15-N,15 NB S-O El Norte Pkwy,ML,PM,N,R32.623,M27.213,SD,32.88,27.47,56,5.41,204195.8,15,-117.09094903905842,33.10684773028621,15,11,Interstate,Right,NB,28.431,54.258,0.0,True,False,False
35,11,2,SD,I5-N,Lomas Santa Fe Dr EB to 5 NB,ML,PM,N,R37.585,R30.745R,SD,37.28,30.44,48,6.84,188569.2,5,-117.24366992989683,32.95059202379532,5,11,Interstate,Right,NB,31.188,55.155,0.0,True,False,False
76,11,3,SD,I805-S,805 SB @ University Ave.,ML,PM,S,15.989,24.599,SD,15.84,24.45,37,8.61,170206.6,805,-117.15310045207734,32.80461774830733,805,11,Interstate,Left,SB,0.149,28.874,0.0,True,False,False
77,11,4,SD,I805-S,805 SB N-O 15,ML,PM,S,15.379,24.079,SD,15.23,23.93,34,8.7,114848.3,805,-117.14893085799201,32.797332945361546,805,11,Interstate,Left,SB,0.149,28.874,0.0,True,False,False
36,11,5,SD,I15-N,15 NB HOV S-O Rte 78,HV,PM,N,R30.903,M25.433,SD,31.16,25.69,62,5.46,112240.8,15,-117.08014208128276,33.08422203561185,15,11,Interstate,Right,NB,28.431,54.258,0.0,True,False,False
78,11,6,SD,I5-S,5th Ave to 5 SB,ML,PM,S,R16.305,R18.655,SD,16,18.35,57,2.35,112237.3,5,-117.17340868354042,32.73335347471788,5,11,Interstate,Left,SB,14.859,30.345,0.0,True,False,False
79,11,7,SD,SR125-S,Grossmont Blvd to 125 SB,ML,PM,S,0.194,4.394,SD,1.83,6.03,62,4.2,79654.6,125,-116.96935647368151,32.62084208830561,125,11,State,Left,SB,0.0,8.467,0.0,True,False,False
12,11,8,SD,SR78-E,Barham-Woodland to 78 EB,ML,PM,E,14.824,10.144,SD,14.82,10.14,53,4.67,65458.2,78,-117.16995407189518,33.14093986160484,78,11,State,Right,EB,0.004,15.507,0.0,True,False,False
80,11,9,SD,I5-S,Seaworld Dr to 5 SB,ML,PM,S,R20.835,R28.675,SD,20.53,28.37,35,7.84,59250.1,5,-117.22295528396054,32.82257111206649,5,11,Interstate,Left,SB,14.859,30.345,0.0,True,False,False
37,11,10,SD,SR163-N,163 NB S-O I-8,ML,PM,N,3.341,0.531R,SD,2.79,0,62,2.9,54779.6,163,-117.1560406890943,32.73871100914729,163,11,State,Right,NB,0.628,10.435,0.0,True,False,False
38,12,1,ORA,SR55-N,TAFT,HV,PM,N,15.968,12.778,ORA,15.78,12.59,60,3.19,58993.8,55,-117.8312870246494,33.79745951398752,55,12,State,Right,NB,10.111,17.6,0.0,True,False,False
39,12,2,ORA,SR55-N,NEWPORT AVE OR MVDS,ML,PM,N,R9.93,R8.21,ORA,9.76,8.04,59,1.72,38706.5,55,-117.83908818011815,33.72224945220914,55,12,State,Right,NB,2.512,10.093,0.0,True,False,False
40,12,3,ORA,I405-N,BROOKHUR2,ML,PM,N,13.97,12.31,ORA,13.74,12.08,61,1.66,35168.1,405,-117.94506425520167,33.7003673978504,405,12,Interstate,Right,NB,0.23,24.178,0.0,True,False,False
81,12,4,ORA,I5-S,MAIN 1,ML,AM,S,33.198,34.298,ORA,105.19,106.29,58,1.11,34786.5,5,-117.8735334492593,33.775168330770526,5,12,Interstate,Left,SB,29.546,41.84,0.0,True,False,False
82,12,5,ORA,I405-S,HARBOR 1,ML,AM,S,11.2,13.23,ORA,10.97,13,44,2.03,27572.7,405,-117.9310396534527,33.69386507656584,405,12,Interstate,Left,SB,0.23,24.178,0.0,True,False,False
41,12,6,ORA,SR55-N,LINCOLN 2,ML,PM,N,17.288,15.238,ORA,17.1,15.05,48,2.06,26950.2,55,-117.83296895286259,33.82460513924266,55,12,State,Right,NB,10.111,17.6,0.0,True,False,False
83,12,7,ORA,I5-S,RED ROBIN,ML,PM,S,19.531,20.631,ORA,91.53,92.63,57,1.1,24221.8,5,-117.72297113345475,33.63029725208744,5,12,Interstate,Left,SB,0.0,23.259,0.0,True,False,False
84,12,8,ORA,I405-S,WARNER,ML,AM,S,14.72,16.04,ORA,14.49,15.81,54,1.32,23678.5,405,-117.97422681432656,33.721567270791674,405,12,Interstate,Left,SB,0.23,24.178,0.0,True,False,False
42,12,9,ORA,I5-N,CULVER 1,HV,PM,N,R26.758,R24.728,ORA,98.82,96.79,43,2.03,21878.5,5,-117.77461384386224,33.699566928661184,5,12,Interstate,Right,NB,23.259,27.322,0.0,True,False,False
43,12,10,ORA,I5-N,YALE,ML,PM,N,R25.998,R25.178,ORA,98.06,97.24,55,0.82,20143.3,5,-117.77322025381295,33.697631306959195,5,12,Interstate,Right,NB,23.259,27.322,0.0,True,False,False
1,3,1,YUB,SR70-E,70EB Yuba River Br,ML,PM,E,13.428,R9.087,YUB,20.149,17.43,61,2.72,67847.0,70,-121.56427807625326,39.1153095942484,70,3,State,Right,EB,13.008,14.7,0.0,True,False,False
44,3,2,SAC,SR51-S,EB Exposition Bl,ML,PM,S,3.326,5.398,SAC,3.326,5.38,62,2.05,65407.9,51,-121.43140061938581,38.60732453045249,51,3,State,Left,SB,0.0,3.688,0.0,True,False,False
13,3,3,SAC,SR51-N,51NB Elvas Underpass,ML,PM,N,2.089,0.53,SAC,2.089,0.53,59,1.56,33522.0,51,-121.46513137330625,38.576447199644996,51,3,State,Right,NB,0.0,3.688,0.0,True,False,False
45,3,4,SAC,SR99-S,99SB at Cosumnes,ML,PM,S,16.146,18.151,SAC,290.675,292.68,62,2.01,28255.4,99,-121.41810002564664,38.46818141699263,99,3,State,Left,SB,9.436,24.223,0.0,True,False,False
14,3,5,SAC,SR51-N,NB Fulton Ave,ML,PM,N,6.869,4.58,SAC,6.869,4.58,57,2.29,27122.3,51,-121.41592367791303,38.621606617841955,51,3,State,Right,NB,4.353,8.86,0.0,True,False,False
46,3,6,SAC,I5-S,5SB at Garden Hwy,ML,PM,S,25.541,27.354,SAC,520.657,522.47,59,1.81,25594.9,5,-121.51551092556221,38.62126533108231,5,3,Interstate,Left,SB,0.018,34.652,0.0,True,False,False
85,3,7,PLA,I80-W,WB Douglas Blvd,ML,PM,W,1.989,3.551,PLA,103.508,105.07,57,1.57,24880.1,80,-121.26415596555451,38.75439027803199,80,3,Interstate,Left,WB,0.0,18.822,0.0,True,False,False
2,3,8,YOL,I80-E,E. of Mace Blvd,ML,PM,E,3.489,0.464,YOL,75.695,72.67,60,3.03,23693.5,80,-121.70677232490526,38.54991920345577,80,3,Interstate,Right,EB,0.0,9.552,0.0,True,False,False
15,3,9,PLA,SR65-N,Galleria Blvd-NB RMS,ML,PM,N,R6.08,39.137,TUL,65.787,64.13,57,1.66,23047.7,65,-120.68292273559375,38.12948409204795,65,3,State,Right,NB,4.863,8.0,0.0,True,False,False
47,3,10,PLA,SR65-S,Pleasant Grove Blvd,ML,PM,S,R7.2,R8.813,PLA,66.907,68.52,62,1.61,22883.4,65,-121.29567902046557,38.795679388178606,65,3,State,Left,SB,4.863,8.0,0.0,True,False,False
16,4,1,ALA,I680-N,Koopman Rd rm-n-diag,ML,PM,N,R13.05,M5.145,ALA,22.588,15.08,55,7.5,223224.5,680,-121.89969400720624,37.566512270021455,680,4,Interstate,Right,NB,11.578,21.879,0.0,True,False,False
48,4,2,SCL,US101-S,N 13th St-Oakland Rd rm-s-diag,ML,PM,S,37.645,44.182,SCL,387.283,393.82,57,6.54,138638.4,101,-121.94549082331383,37.37751287762434,101,4,US,Left,SB,36.365,52.55,0.0,True,False,False
17,4,3,ALA,I880-N,N of Eldridge POC,ML,PM,N,16.09,10.373,ALA,26.317,20.6,50,5.72,112808.8,880,-122.0627839477682,37.600499443681635,880,4,Interstate,Right,NB,2.224,31.727,0.0,True,False,False
3,4,4,SOL,I80-E,E of Pleasant Valley OC,ML,PM,E,23.941,17.428,SOL,51.441,44.93,62,6.51,103225.2,80,-122.03982100981656,38.293131191582724,80,4,Interstate,Right,EB,23.223,24.724,0.0,True,False,False
49,4,5,SCL,SR85-S,Camden Ave rm-s-diag,ML,PM,S,7.97,R15.464,SCL,7.97,15.64,46,7.67,94255.7,85,-121.97288923594728,37.26554432075359,85,4,State,Left,SB,0.0,10.407,0.0,True,False,False
4,4,6,CC,I80-E,Pinole Valley Rd rm-e-diag,ML,PM,E,8.571,4.838,CC,21.923,18.19,56,3.73,84019.3,80,-122.31036032438342,37.98325131806589,80,4,Interstate,Right,EB,0.0,14.139,0.0,True,False,False
50,4,7,SCL,US101-S,4A5324 loc 40,ML,PM,S,R18.835,R21.868,SCL,368.107,371.14,60,3.04,77861.9,101,-121.68224832149441,37.18066905099666,101,4,US,Left,SB,4.553,29.122,0.0,True,False,False
5,4,8,ALA,SR92-E,Hesperian Blvd rm-e-diag,ML,PM,E,R5.84,R3.003,ALA,25.367,22.53,59,2.84,65415.8,92,-122.12194905108045,37.62801737940439,92,4,State,Right,EB,0.0,6.237,0.0,True,False,False
51,4,9,SCL,I680-S,S of Berryessa Rd,ML,PM,S,M3.41,M6.25,SCL,3.41,6.25,56,2.84,64914.6,680,-121.87206172679409,37.39648589817056,680,4,Interstate,Left,SB,0.0,9.935,0.0,True,False,False
6,4,10,SCL,SR237-E,ZANKER RD,ML,PM,E,8.17,3.013,SCL,8.222,3.07,41,5.16,64761.3,237,-121.98206721663493,37.413213336744285,237,4,State,Right,EB,6.545,8.726,0.0,True,False,False
18,5,1,MON,SR1-N,CANYON DEL REY BLVD AT HWY 1 NB,ML,PM,N,R90.524,R87.269,MON,330.075,326.82,61,3.26,43206.3,1,-121.78554303916506,36.727634299084706,1,5,State,Right,NB,82.739,91.261,0.0,True,False,False
19,5,2,SCR,SR1-N,41ST ST EXIT AT HWY 1 SB VDS MLN,ML,AM,N,24.89,20.35,SCR,365.27,360.73,53,4.54,39270.5,1,-122.10148235160423,36.96645036322633,1,5,State,Right,NB,8.058,37.451,0.0,True,False,False
52,5,3,SCR,SR1-S,STATE PARK DR AT HWY 1 NB VDS ML,ML,PM,S,21.214,26.027,SCR,361.617,366.43,57,4.81,35503.9,1,-122.11826495426247,36.97138759289037,1,5,State,Right,NB,8.058,37.451,0.0,True,False,False
53,5,4,SCR,SR1-S,RIO DEL MAR BLVD AT HWY 1 NB VDS,ML,PM,S,19.909,23.577,SCR,360.312,363.98,51,3.67,33044.1,1,-122.08689334547476,36.96316197547389,1,5,State,Right,NB,8.058,37.451,0.0,True,False,False
54,5,5,MON,SR1-S,SOUTH OF FREMONT BLVD AT HWY 1 N,ML,AM,S,T91.355,97.193,MON,330.929,335.36,54,4.43,30422.6,1,-121.77766241113025,36.788266515064606,1,5,State,Right,NB,91.261,92.288,0.0,True,False,False
20,5,6,SB,US101-N,SHEFFIELD DR MLNB,ML,AM,N,8.861,R5.807,SB,91.776,88.73,57,3.04,21661.1,101,-119.58555140531402,34.41814229800512,101,5,US,Right,NB,8.495,13.965,0.0,True,False,False
55,5,7,SB,US101-S,NORTH PADARO LANE 101 NB VDS MLS,ML,PM,S,R7.303,11.112,SB,90.199,94,56,3.8,19410.3,101,-119.61770732456539,34.42060326106962,101,5,US,Left,SB,4.723,8.487,0.0,True,False,False
56,5,8,SB,US101-S,FAIRVIEW AVE 101 NB PM 105.039 V,ML,PM,S,22.13,23.636,SB,104.994,106.5,60,1.51,17081.3,101,-119.83771265185678,34.43893411534052,101,5,US,Left,SB,16.098,35.983,0.0,True,False,False
57,5,9,SLO,US101-S,SPYGLASS DR 101 SB VDS MLSB SB,ML,PM,S,R19.832,R21.67,SLO,193.322,195.16,60,1.84,13648.1,101,-120.69613336022799,35.175110989771056,101,5,US,Left,SB,19.548,25.817,0.0,True,False,False
58,5,10,SB,US101-S,TORO CANYON 101 NB VDS MLSB SB,ML,PM,S,R6.453,10.122,SB,89.349,93.01,44,3.66,12922.7,101,-119.60210296072795,34.419447982480804,101,5,US,Left,SB,4.723,8.487,0.0,True,False,False
59,6,1,FRE,SR41-S,SHAW AVE DT 41 SB,ML,PM,S,R30.035,R31.645,FRE,130.15,131.76,57,1.61,21800.9,41,-119.78568892212647,36.84285336106271,41,6,State,Left,SB,6.202,33.201,0.0,True,False,False
21,6,2,MAD,SR99-N,AVENUE 9 99 NB,ML,PM,N,R3.559,1.759,MAD,147.51,145.71,43,1.8,9101.9,99,-119.9657031110436,36.87055110432917,99,6,State,Right,NB,3.097,3.99,0.0,True,False,False
22,6,3,FRE,SR41-N,CLINTON AVE 41 NB,ML,PM,N,R27.515,R25.835,FRE,127.63,125.95,53,1.69,9010.1,41,-119.78450777705324,36.78263001116771,41,6,State,Right,NB,6.202,33.201,0.0,True,False,False
23,6,4,FRE,SR99-N,RTE 99 N-O NIELSEN AVE NB,ML,PM,N,22.31,21.48,FRE,134.65,133.82,56,0.83,8258.6,99,-119.81502851990476,36.74143626923567,99,6,State,Right,NB,6.149,24.239,0.0,True,False,False
60,6,5,FRE,SR99-S,OLIVE AVE 99 SB,ML,PM,S,23.215,R24.585,FRE,135.53,136.9,52,1.37,8169.4,99,-119.83461889466109,36.765188753982585,99,6,State,Left,SB,6.149,24.239,0.0,True,False,False
61,6,6,MAD,SR99-S,RTE 99 S-O AVENUE 12 SB,ML,PM,S,6.971,9.635,MAD,150.9,153.57,28,2.68,7670.4,99,-120.03120495762239,36.933315825898305,99,6,State,Left,SB,3.987,7.012,0.0,True,False,False
24,6,7,FRE,SR41-N,MCKINLEY AVE DT 41 NB,ML,PM,N,R26.975,R26.025,FRE,127.09,126.14,58,0.96,7291.1,41,-119.78459939745811,36.780046763193305,41,6,State,Right,NB,6.202,33.201,0.0,True,False,False
62,6,8,FRE,SR99-S,OLIVE AVE 99 SB,ML,AM,S,23.215,R24.565,FRE,135.53,136.88,47,1.35,6864.6,99,-119.83453294947653,36.765062043868,99,6,State,Left,SB,6.149,24.239,0.0,True,False,False
63,6,9,FRE,SR99-S,RTE 99 N-O CLINTON,ML,AM,S,R25.145,26.263,FRE,137.46,138.57,46,1.11,5345.5,99,-119.85387298772392,36.78589262962283,99,6,State,Left,SB,24.239,26.215,0.0,True,False,False
64,6,10,FRE,SR41-S,ASHLAN AVE 41 SB,ML,PM,S,R28.985,R29.815,FRE,129.1,129.93,45,0.83,5170.6,41,-119.78542796659211,36.822070097545335,41,6,State,Left,SB,6.202,33.201,0.0,True,False,False
25,7,1,LA,I110-N,SOLANO AVE,ML,PM,N,25.824,22.124,LA,25.01,21.31,62,3.7,201818.3,110,-118.24526647358027,34.06423626069067,110,7,State,Right,NB,25.484,31.913,0.0,True,False,False
65,7,2,LA,I605-S,FLORENCE,ML,PM,S,R9.168,R15.448,LA,11.22,17.5,60,6.29,201115.1,605,-118.07766800125387,33.97698798548665,605,7,Interstate,Left,SB,0.0,20.189,0.0,True,False,False
66,7,3,LA,I405-S,HOWARD HUGHES PKWY,ML,PM,S,24.722,28.712,LA,48.67,52.66,60,3.99,150578.2,405,-118.4063856506467,33.997153128109275,405,7,Interstate,Left,SB,21.621,48.643,0.0,True,False,False
26,7,4,LA,I110-N,ADAMS,ML,AM,N,21.344,17.064,LA,20.53,16.25,62,4.28,149648.7,110,-118.2791333873495,34.006529507036284,110,7,Interstate,Right,NB,1.756,21.444,0.0,True,False,False
67,7,5,LA,I405-S,BEL AIR CR,ML,AM,S,35.622,40.462,LA,59.57,64.41,58,4.84,144910.6,405,-118.47330848961066,34.14082055977636,405,7,Interstate,Left,SB,21.621,48.643,0.0,True,False,False
27,7,6,LA,I5-N,PASADENA,ML,PM,N,20.215,17.115,LA,136.63,133.53,62,3.1,141037.0,5,-118.21662243119981,34.05823177749486,5,7,Interstate,Right,NB,16.906,43.101,0.0,True,False,False
86,7,7,LA,I10-W,ROBERTSON,ML,AM,W,R7.815,R11.715,LA,5.66,9.56,62,3.9,137090.8,10,-118.36162581911057,34.03465197232654,10,7,Interstate,Left,WB,2.155,14.089,0.0,True,False,False
68,7,8,LA,I110-S,VERNON,ML,PM,S,19.634,22.934,LA,18.82,22.12,62,3.3,130780.4,110,-118.27259469041188,34.03509075910376,110,7,Interstate,Left,SB,1.756,21.444,0.0,True,False,False
69,7,9,LA,US101-S,WOODLEY,ML,AM,S,18.098,22.538,LA,19.43,23.87,55,4.44,128943.0,101,-118.52022672441464,34.17067863970969,101,7,US,Left,SB,17.641,38.19,0.0,True,False,False
28,7,10,LA,US101-N,WHITE OAK,ML,PM,N,20.341,12.044,LA,21.7,13.42,57,8.28,126989.2,101,-118.45208157468419,34.16079094967458,101,7,US,Right,NB,17.641,38.19,0.0,True,False,False
29,8,1,RIV,I15-N,WINCHESTER ROAD,ML,PM,N,6.6,R0.685,RIV,61.115,55.2,62,5.91,154397.7,15,-117.14431697472499,33.482778404789876,15,8,Interstate,Right,NB,2.962,21.792,0.0,True,False,False
87,8,2,RIV,SR91-W,ROUTE 71,ML,AM,W,R1.975,6.78,RIV,39.293,44.21,57,4.92,151047.1,91,-117.60081359250728,33.881776080775396,91,8,State,Left,WB,0.0,4.126,0.0,True,False,False
70,8,3,SBD,I15-S,JURUPA,ML,PM,S,0.947,3.564,SBD,107.733,110.35,62,2.62,81333.3,15,-117.5460316139628,34.06553619896575,15,8,Interstate,Left,SB,0.0,16.184,0.0,True,False,False
7,8,4,SBD,I210-E,HAVEN WB ON,ML,PM,E,6.78,2.811,SBD,59.239,55.27,48,3.97,80708.5,210,-117.61281673201421,34.13494088974387,210,8,State,Right,EB,0.0,21.718,0.0,True,False,False
30,8,5,RIV,I215-N,Harley Knox Blvd,ML,AM,N,R32.5,R28.943,RIV,24.167,20.61,56,3.55,64005.3,215,-117.24981742890404,33.84081274317778,215,8,Interstate,Right,NB,27.525,38.93,0.0,True,False,False
31,8,6,SBD,I15-N,4TH ST NB ONR,ML,PM,N,3.178,0.844,SBD,109.974,107.64,61,2.34,52776.3,15,-117.54608226936995,34.062056760761,15,8,Interstate,Right,NB,0.0,16.184,0.0,True,False,False
32,8,7,SBD,I15-N,FOOTHILL NB,ML,PM,N,5.178,1.894,SBD,111.974,108.69,54,3.29,51969.8,15,-117.54294801206856,34.08368958381799,15,8,Interstate,Right,NB,0.0,16.184,0.0,True,False,False
8,8,8,RIV,SR60-E,PIGEON PASS,ML,PM,E,13.69,10.207,RIV,54.63,50.52,59,4.11,51476.3,60,-117.33973081725242,33.97909586473917,60,8,State,Right,EB,12.937,24.816,0.0,True,False,False
9,8,9,SBD,I10-E,ORANGE ST,ML,PM,E,30.7,28.759,SBD,77.461,75.52,56,1.94,50254.1,10,-117.20206171323508,34.06466366773048,10,8,Interstate,Right,EB,24.663,36.575,0.0,True,False,False
10,8,10,RIV,SR91-E,MCKINLEY,ML,PM,E,9.23,6.386,RIV,46.574,43.73,60,2.84,49888.7,91,-117.54105292513937,33.88233487275176,91,8,State,Right,EB,4.014,22.068,0.0,True,False,False
